-- MySQL dump 10.13  Distrib 8.0.41, for Linux (x86_64)
--
-- Host: localhost    Database: objetivosDB
-- ------------------------------------------------------
-- Server version	8.0.41-0ubuntu0.22.04.1

/*!40101 SET @OLD_CHARACTER_SET_CLIENT=@@CHARACTER_SET_CLIENT */;
/*!40101 SET @OLD_CHARACTER_SET_RESULTS=@@CHARACTER_SET_RESULTS */;
/*!40101 SET @OLD_COLLATION_CONNECTION=@@COLLATION_CONNECTION */;
/*!50503 SET NAMES utf8mb4 */;
/*!40103 SET @OLD_TIME_ZONE=@@TIME_ZONE */;
/*!40103 SET TIME_ZONE='+00:00' */;
/*!40014 SET @OLD_UNIQUE_CHECKS=@@UNIQUE_CHECKS, UNIQUE_CHECKS=0 */;
/*!40014 SET @OLD_FOREIGN_KEY_CHECKS=@@FOREIGN_KEY_CHECKS, FOREIGN_KEY_CHECKS=0 */;
/*!40101 SET @OLD_SQL_MODE=@@SQL_MODE, SQL_MODE='NO_AUTO_VALUE_ON_ZERO' */;
/*!40111 SET @OLD_SQL_NOTES=@@SQL_NOTES, SQL_NOTES=0 */;

--
-- Table structure for table `Archivos`
--

CREATE TABLE ArchivoCertificacion(
    idArchivoCertificacion INT NOT NULL AUTO_INCREMENT,
    certificacion INT,
    nombre VARCHAR(255),
    ruta VARCHAR(255),
    fecha_subida TIMESTAMP DEFAULT CURRENT_TIMESTAMP,
    PRIMARY KEY(idArchivoCertificacion),
    FOREIGN KEY(certificacion) REFERENCES CertificacionEmpleado(idCertificacionEmpleado)  ON DELETE CASCADE
);


CREATE TABLE CertificacionEmpleado(
    idCertificacionEmpleado INT NOT NULL AUTO_INCREMENT,
    certificado INT NOT NULL,
    empleado INT NOT NULL,
    fechaLimite DATE,
    fechaAsignada DATE,
    observaciones VARCHAR(400),
    estado ENUM('aprobado','desaprobado'),
    PRIMARY KEY(idCertificacionEmpleado),
    FOREIGN KEY(empleado) REFERENCES Empleado(idEmpleado) ON DELETE CASCADE,
    FOREIGN KEY(certificado) REFERENCES Certificacion(idCertificacion) ON DELETE CASCADE
);



CREATE TABLE Certificacion(
    idCertificacion INT NOT NULL AUTO_INCREMENT,
    nombreCertificacion VARCHAR(100) NOT NULL,
    url VARCHAR(300) NOT NULL,
    marca VARCHAR(100) NOT NULL,
    anio INT NOT NULL,
    PRIMARY KEY(idCertificacion),
    FOREIGN KEY(marca) REFERENCES Marcas(nombreMarca) ON DELETE CASCADE
);

CREATE TABLE Areas(
    nombre VARCHAR(50) NOT NULL,
    PRIMARY KEY(nombre)
);
CREATE TABLE Marcas(
    nombreMarca VARCHAR(100) NOT NULL,
    PRIMARY KEY(nombreMarca)
);

DROP TABLE IF EXISTS `Archivos`;
/*!40101 SET @saved_cs_client     = @@character_set_client */;
/*!50503 SET character_set_client = utf8mb4 */;
CREATE TABLE `Archivos` (
  `idArchivo` int NOT NULL AUTO_INCREMENT,
  `puntuacion` int DEFAULT NULL,
  `nombre` varchar(255) DEFAULT NULL,
  `ruta` varchar(255) DEFAULT NULL,
  `fecha_subida` timestamp NULL DEFAULT CURRENT_TIMESTAMP,
  PRIMARY KEY (`idArchivo`),
  KEY `puntuacion` (`puntuacion`),
  CONSTRAINT `Archivos_ibfk_1` FOREIGN KEY (`puntuacion`) REFERENCES `Puntuacion` (`idPuntuacion`) ON DELETE CASCADE
);

--
-- Dumping data for table `Archivos`
--

ALTER TABLE usuario 
ADD COLUMN nombre varchar(100);

select * from usuario;

insert into areas values ("tecnologia");

LOCK TABLES `Archivos` WRITE;
/*!40000 ALTER TABLE `Archivos` DISABLE KEYS */;
INSERT INTO `Archivos` VALUES (1,165,'test.txt','/home/agadmin/appObjetivos/back-end/uploads/archivo-1738604210508-871698902.txt','2025-02-03 17:36:50');
/*!40000 ALTER TABLE `Archivos` ENABLE KEYS */;
UNLOCK TABLES;

--
-- Table structure for table `Areas`
--

DROP TABLE IF EXISTS `Areas`;
/*!40101 SET @saved_cs_client     = @@character_set_client */;
/*!50503 SET character_set_client = utf8mb4 */;
CREATE TABLE `Areas` (
  `nombre` varchar(50) NOT NULL,
  PRIMARY KEY (`nombre`)
) ENGINE=InnoDB DEFAULT CHARSET=utf8mb4 COLLATE=utf8mb4_0900_ai_ci;
/*!40101 SET character_set_client = @saved_cs_client */;

--
-- Dumping data for table `Areas`
--

LOCK TABLES `Areas` WRITE;
/*!40000 ALTER TABLE `Areas` DISABLE KEYS */;
INSERT INTO `Areas` VALUES ('Administracion'),('Comercial'),('Operaciones'),('RRHH');
/*!40000 ALTER TABLE `Areas` ENABLE KEYS */;
UNLOCK TABLES;

--
-- Table structure for table `Empleado`
--

DROP TABLE IF EXISTS `Empleado`;
/*!40101 SET @saved_cs_client     = @@character_set_client */;
/*!50503 SET character_set_client = utf8mb4 */;
CREATE TABLE `Empleado` (
  `idEmpleado` int NOT NULL AUTO_INCREMENT,
  `nombre` varchar(100) NOT NULL,
  `puesto` varchar(100) NOT NULL,
  `area` varchar(100) NOT NULL,
  PRIMARY KEY (`idEmpleado`)
);

--
-- Dumping data for table `Empleado`
--

LOCK TABLES `Empleado` WRITE;
/*!40000 ALTER TABLE `Empleado` DISABLE KEYS */;
INSERT INTO `Empleado` VALUES (1,'Enzo Ranelli','Operador NOC','Banco BICE'),(2,'Yael Bowerman','Gta RRHH','RRHH'),(3,'Mariano Curletti','Operation IT','Operaciones'),(4,'Jesus Medina','Networking Engineer','Networking '),(5,'Daniela Verdejo','Operaction IT','Operaciones'),(6,'Santiago Fernandez','Operaction IT','Operaciones'),(7,'Martin Nogueira','Operations IT','Operaciones'),(8,'Luca Allais','Operaciones IT','Operaciones'),(9,'Santino Ursino','Soporte NOC','Operaciones'),(10,'Luis Gomez','Gte Operaciones','Operaciones'),(11,'Enzo Ranelli','Soporte NOC','Operaciones'),(12,'Gaston Guardia','Soporte IT','Operaciones IT'),(13,'Brian Krieger','Soporte IT','Operaciones'),(14,'Valentin Figueredo','Soporte IT','Operaciones'),(15,'Gustavo Fernandez','Project Manager','Operaciones'),(16,'Maria Luz  Alvarez','Financial Manager','Administración'),(17,'Pamela  Rapisarda','Administrative & Comex Supervisor','Administración'),(18,'test test','test','Comercial'),(19,'test test','test','Administracion'),(20,'test test','test','Administracion'),(21,'test test','test','Administracion'),(22,'test test','test','Administracion'),(23,'test test','test','Administracion'),(24,'test test','test','Operaciones'),(25,'test test','test','Operaciones');
/*!40000 ALTER TABLE `Empleado` ENABLE KEYS */;
UNLOCK TABLES;
--
-- Table structure for table `Objetivo`
--

DROP TABLE IF EXISTS `Objetivo`;
/*!40101 SET @saved_cs_client     = @@character_set_client */;
/*!50503 SET character_set_client = utf8mb4 */;
CREATE TABLE `Objetivo` (
  `idObjetivo` int NOT NULL AUTO_INCREMENT,
  `titulo` varchar(100) NOT NULL,
  `descripcion` varchar(2500) NOT NULL,
  `peso` float DEFAULT NULL,
  `fechaInicio` date DEFAULT NULL,
  `fechaFinal` date DEFAULT NULL,
  PRIMARY KEY (`idObjetivo`),
  CONSTRAINT `Objetivo_chk_1` CHECK ((`peso` between 0 and 100))
);

--
-- Dumping data for table `Objetivo`
--
LOCK TABLES `Objetivo` WRITE;
/*!40000 ALTER TABLE `Objetivo` DISABLE KEYS */;
INSERT INTO `Objetivo` VALUES (1,'Implementación de un Plan de Mantenimiento','Desarrollar un calendario para actualizaciones regulares de hardware y software, asegurando que los sistemas operen con las versiones más recientes y seguras.',5,'2024-10-22','2025-12-30'),(2,'Monitoreo Continuo','Utilizar herramientas de monitoreo para detectar y abordar problemas antes de que afecten el funcionamiento de la infraestructura.',5,'2024-10-22','2025-12-30'),(3,'Evaluación de Nuevas Tecnologías',' Investigar y evaluar nuevas tecnologías que puedan mejorar la infraestructura, realizando pruebas antes de implementarlas.',5,'2024-10-22','2025-12-30'),(4,'Mantener Normalizadas las Configuraciones','Asegurar que todas las configuraciones de sistemas y dispositivos sean consistentes y cumplan con los estándares.',5,'2024-10-22','2025-12-30'),(5,'Desarrollo de Políticas de Configuración','Crear y documentar políticas y procedimientos para configuraciones estándar.',5,'2024-10-22','2025-12-30'),(6,'Automatización de Configuraciones','Implementar herramientas que automaticen la aplicación de configuraciones estandarizadas y aseguren su consistencia.',5,'2024-10-22','2025-12-30'),(7,'Auditorías Regulares','Realizar auditorías periódicas para verificar el cumplimiento de las configuraciones y ajustar según sea necesario.',5,'2024-10-22','2025-12-30'),(8,'Mantener Actualizada la Documentación Interna / Externa de Infraestructura','Asegurar que toda la documentación relacionada con la infraestructura esté actualizada, precisa y disponible para el equipo.',5,'2024-10-22','2025-12-30'),(9,'Revisión y Actualización Periódica','Establecer un proceso para revisar y actualizar la documentación regularmente.',5,'2024-10-22','2025-12-30'),(10,'Centralización de Documentos','Utilizar una plataforma centralizada para almacenar y gestionar la documentación, facilitando el acceso y la colaboración.',5,'2024-10-22','2025-12-30'),(11,'Mejorar los Tiempos de Elaboración de Propuestas Técnicas','Reducir el tiempo necesario para preparar propuestas técnicas sin comprometer la calidad.',10,'2024-10-22','2025-12-30'),(13,'Mejorar el Manejo de los Tiempos y la Organización de los Temas','Optimizar la gestión del tiempo y la organización de tareas para mejorar la productividad del equipo.',5,'2024-10-22','2025-12-30'),(14,'Uso eficiente de herramientas de registro de proyectos y horas de soporte','Maximizar la efectividad de las herramientas disponibles para el registro y seguimiento de proyectos y horas de soporte, asegurando una correcta contabilización y análisis.',5,'2024-10-22','2025-12-30'),(15,'Mantener Actualizada la Infraestructura de los cliente e Internas','Garantizar que toda la infraestructura tecnológica de los clientes esté al día, funcional y segura, asi como tambien la infraestrucutura AG.',5,'2024-10-22','2025-12-30'),(16,'Seguridad de la información','Proponer e Implementar medidas de seguridad para proteger la información de la empresa y de los clientes.',5,'2024-10-22','2025-12-30'),(17,'Certificaciones Técnicas para el Desarrollo Profesional (Infraestrucutura)','Fomentar el desarrollo técnico a través de certificaciones clave, alineadas con las responsabilidades y necesidades del equipo. ',20,'2024-10-22','2025-12-30'),(18,'Reuniones de Innovación y Mejora Continua','Facilitar reuniones mensuales con el equipo donde se debatan nuevos avances en networking, casos de éxito y lecciones aprendidas de los proyectos recientes. Involucrar a los colaboradores en la creación de propuestas de mejora e incentivos para la participación activa en las soluciones.',5,'2024-10-22','2025-12-30'),(19,'Elaboración de Propuestas de Mejora','Crear un proceso sistemático (reuniones con clientes - interno o externo)para la elaboración de propuestas de optimización tanto interna como para clientes. Cada propuesta debe considerar los beneficios operativos, los costos y las implicancias de seguridad, y ser presentada con un análisis costo-beneficio.',5,'2024-10-22','2025-12-30'),(20,'Elaboración de Informes de Proyectos y Servicios Activos','Elaboración de informes de proyectos / servicios que permitan una visualización más clara del estado de los mismos. Asegurar que los reportes incluyan métricas clave de  desempeño, KPIs y plazos claros, así como la identificación temprana de riesgos.  Elaborar informes de trimestrales del estado de salud de la red interna AG',5,'2024-10-22','2025-12-30'),(21,'Mantenimiento de la Red Interna de AG','Optimizar el mantenimiento de la red interna mediante la adopción de soluciones de monitoreo proactivo que incluyan alertas automatizadas y previsión de fallas. Realizar auditorías trimestrales de la infraestructura para garantizar un rendimiento óptimo.',5,'2024-10-22','2025-12-30'),(22,'Seguridad de la Red AG','Fortalecer la seguridad de la red mediante la implementación de tecnologías avanzadas de prevención de intrusiones (IPS), autenticación multifactor (MFA) y análisis continuo de vulnerabilidades. Establecer políticas de respuesta ante incidentes de seguridad con el equipo para garantizar una resolución rápida.',5,'2024-10-22','2025-12-30'),(23,'Formación y Coaching del Equipo de Networking','Desarrollar un programa formal de mentoría y coaching donde los miembros del equipo reciban formación continua en áreas clave como configuración avanzada de redes, automatización y seguridad. Realizar sesiones mensuales de revisión de desempeño y crecimiento profesional.',10,'2024-10-22','2025-12-30'),(25,'Elaboración de Propuestas Técnicas Adaptadas a las Necesidades del Cliente','Desarrollar la capacidad de elaborar propuestas técnicas precisas y detalladas, alineadas con las necesidades específicas de cada cliente y proyecto, garantizando que las soluciones ofrecidas cumplan con los requisitos técnicos y comerciales. Valorando el Análisis de Requisitos, Desarrollo de Soluciones Técnicas',5,'2024-10-22','2025-12-30'),(26,'Mejorar el Manejo del Tiempo y Organización de Tareas','Adoptar metodologías para organizar las tareas diarias del equipo, priorizando la resolución de incidencias críticas y el avance en proyectos de redes.',5,'2024-10-22','2025-12-30'),(27,'Talleres de Team Building','Realizar actividades trimestrales de team building enfocadas en mejorar la comunicación y la colaboración, integrando ejercicios técnicos que ayuden al equipo a resolver problemas complejos de redes en conjunto.',5,'2024-10-22','2025-12-30'),(28,'Definición de Roles y Responsabilidades','Revisar y ajustar regularmente las responsabilidades de cada colaborador, asegurando que estén alineadas con sus fortalezas y áreas de crecimiento, y que los roles cubran todas las áreas críticas del ciclo de vida de los proyectos de redes.',5,'2024-10-22','2025-12-30'),(29,'Feedback Regular y Constructivo','Implementar sesiones de feedback estructuradas y regulares, tanto individuales como grupales, donde se discutan logros, áreas de mejora y objetivos de desarrollo profesional. Incorporar un sistema de evaluación por competencias para el desarrollo de habilidades técnicas y de liderazgo.',5,'2024-10-22','2025-12-30'),(30,'Sesiones de Capacitación Interdepartamental','Implementar sesiones de feedback estructuradas y regulares, tanto individuales como grupales, donde se discutan logros, áreas de mejora y objetivos de desarrollo profesional. Incorporar un sistema de evaluación por competencias para el desarrollo de habilidades técnicas y de liderazgo.',4,'2024-10-22','2025-12-30'),(31,'Creación de Material de Soporte','Desarrollar un set de materiales actualizados (guías técnicas, infografías, videos) que el equipo comercial pueda utilizar para comprender mejor las soluciones de networking y explicar de manera más efectiva su valor a los clientes.',5,'2024-10-22','2025-12-30'),(32,'Programas de Mentorización','Establecer un programa de mentorización donde los integrantes del equipo de networking guíen a los comerciales sobre las últimas tendencias en tecnología de redes, sus aplicaciones prácticas y cómo estas pueden ser utilizadas para crear propuestas de valor diferenciadas.',10,'2024-10-22','2025-12-30'),(33,'Certificaciones Técnicas para el Desarrollo Profesional (Networking)','Fomentar un plan de certificación técnica que cubra tanto las necesidades actuales de los clientes como las tendencias emergentes, tales como SDN (Software Defined Networking), seguridad en la nube y automatización de redes. Proveer apoyo y recursos para que el equipo obtenga certificaciones relevantes como Cisco CCNA - CCNP, Palo Alto, Huawei  o Fortinet NSE',20,'2024-10-22','2025-12-30'),(34,'Administración de la Seguridad Interna y de Clientes',' Implementar y gestionar plataformas de seguridad compartida para múltiples clientes, garantizando la visibilidad y control sobre la implementación de políticas de seguridad en diferentes entornos. Revisar periódicamente las políticas de cada cliente para asegurar que estén alineadas con sus necesidades y actualizaciones normativas.',10,'2024-10-22','2025-12-30'),(35,'Monitoreo y Detección de Amenazas',' Establecer un sistema de monitoreo centralizado que permita identificar y responder a amenazas en tiempo real en todas las infraestructuras  de los clientes. Desarrollar alertas personalizadas para clientes críticos, priorizando incidencias que impacten directamente su operación.',10,'2024-10-22','2025-12-30'),(36,'Implementación de Medidas de Control de Acceso en Ambientes','Implementar sistemas de control de acceso basados en roles (RBAC) y autenticación multifactor (MFA) para diferentes clientes, asegurando que cada uno tenga un acceso adaptado a su nivel de seguridad. Realizar auditorías de accesos cada trimestre en cada entorno de cliente para asegurar que los permisos estén correctamente alineados con sus requerimientos.',10,'2024-10-22','2025-12-30'),(39,'Gestión de Actualización de Parches y Vulnerabilidades en Diferentes Entornos','Desarrollar un cronograma de actualización de parches personalizado para cada cliente, automatizando la gestión de parches críticos y vulnerabilidades en función de sus necesidades de operación. Proveer informes mensuales de actualización a cada cliente, asegurando que se mantenga la integridad y seguridad de su infraestructura.',10,'2024-10-22','2025-12-30'),(40,'Respuesta a Incidentes de Seguridad por Cliente','Definir procedimientos específicos para la respuesta a incidentes de seguridad para cada cliente, asegurando que estén alineados con sus SLAs (acuerdos de nivel de servicio). Implementar simulacros de respuesta a incidentes y pruebas de recuperación ante desastres para clientes clave, documentando las mejoras necesarias y generando informes de desempeño.',5,'2024-10-22','2025-12-30'),(42,'Optimización del Manejo de Tiempos y Priorización de Incidencias por Cliente','Utilizar El Service Desk para una mejor visualización y seguimiento de las incidencias Definir tiempos máximos de respuesta y resolución para cada cliente, enfocándose en la mejora continua de la productividad.',5,'2024-10-22','2025-12-30'),(43,'Optimización de Redes y Performance para Múltiples Clientes','Fomentar la Implementación y gestión la segmentación de redes (VLANs) y políticas de QoS (Quality of Service) en los entornos de clientes para garantizar un rendimiento óptimo, independientemente del tamaño o la criticidad de la operación. Realizar evaluaciones trimestrales de rendimiento de red y generar recomendaciones técnicas personalizadas para cada cliente.',10,'2024-10-22','2025-12-30'),(44,'Pruebas de Resiliencia y Alta Disponibilidad por Cliente','Fomentar la implementación de pruebas de alta disponibilidad y recuperación ante fallos en las infraestructuras de clientes, asegurando que los sistemas críticos cuenten con soluciones de redundancia y failover. Proveer informes de resiliencia a cada cliente, resaltando áreas de mejora en sus sistemas y procesos.',10,'2024-10-22','2025-12-30'),(46,'Instalación y Configuración de Equipos','Dominar la instalación y configuración de equipos más complejos (firewalls, switches administrables, servidores), asegurando que estén completamente integrados en el entorno de red de la empresa o del cliente.\nDocumentar cada instalación para generar un repositorio que sirva de referencia futura y para otros miembros del equipo.',10,'2024-10-22','2025-12-30'),(47,'Soporte Técnico de Primer Nivel','		Ampliar el conocimiento en resolución de problemas de segundo nivel, aprendiendo a diagnosticar problemas de red más complejos como la conectividad entre sedes, VPNs, y configuración de firewalls.\nDesarrollar habilidades en la comunicación con usuarios no técnicos para mejorar la eficiencia en la resolución de problemas.',10,'2024-10-22','2025-12-30'),(48,'Monitoreo de la Red LAN','		Identificar y solucionar problemas recurrentes en la red, como latencia, pérdida de paquetes, y conflictos de IP, aprendiendo a implementar soluciones más avanzadas como el balanceo de carga y la optimización de tráfico.\n		Participar en proyectos de mejora continua de la red para optimizar su rendimiento y estabilidad.',5,'2024-10-22','2025-12-30'),(49,'Familiarización con Dispositivos de Red','		Obtener un conocimiento profundo de los dispositivos de red avanzados, como controladores de red inalámbrica, firewalls de próxima generación (NGFW), y sistemas de detección de intrusiones (IDS).\n		Realizar pruebas y simulaciones en entornos controlados para adquirir experiencia en configuraciones complejas.',10,'2024-10-22','2025-12-30'),(50,'Configuración Básica de Switches y Routers','		Aprender configuraciones intermedias y avanzadas en switches y routers, incluyendo protocolos de routing dinámico (OSPF, EIGRP) y tecnologías como STP (Spanning Tree Protocol) y agregación de enlaces.\n		Asegurar la redundancia y la alta disponibilidad en configuraciones críticas.',5,'2024-10-22','2025-12-30'),(51,'Aprender a Usar Herramientas de Monitoreo de Red','		Familiarizarse con herramientas de monitoreo avanzadas como Zabbix, PRTG, o Nagios, aprendiendo a configurar alertas automáticas y generar informes de estado de la red.\n		Usar herramientas de análisis de tráfico como Wireshark para realizar análisis avanzados y diagnósticos detallados de problemas de red.',10,'2024-10-22','2025-12-30'),(52,'Documentación de la Infraestructura de Red','		Mejorar las habilidades de documentación mediante la creación de diagramas detallados con herramientas especializadas como Visio o Lucidchart. Asegurarse de mantener la documentación actualizada tras cada cambio en la infraestructura.\n		Desarrollar una metodología de documentación estándar para que sea clara y comprensible para otros técnicos.',10,'2024-10-22','2025-12-30'),(53,'Gestión de Direcciones IP y Subnetting','		Aprender a diseñar esquemas de direccionamiento IP para redes más grandes y complejas, aplicando técnicas avanzadas de subnetting y VLSM (Variable Length Subnet Masking).\n		Desarrollar un plan de gestión de direcciones IP que contemple el crecimiento futuro y la escalabilidad de la red.',5,'2024-10-22','2025-12-30'),(54,'Resolución Proactiva de Incidencias','		Aprender a anticipar problemas antes de que afecten a los usuarios o al negocio, utilizando herramientas de análisis predictivo o sistemas de monitoreo continuo.\nParticipar en la mejora de los procesos de soporte, proponiendo y ejecutando soluciones para reducir el número de incidencias repetitivas.',5,'2024-10-22','2025-12-30'),(55,'Optimización de Conectividad en Oficinas Remotas','Involucrarse en proyectos que optimicen la conectividad entre múltiples sedes, configurando enlaces redundantes y VPNs seguras para garantizar la conectividad y continuidad del negocio.',5,'2024-10-22','2025-12-30'),(56,'Colaboración en Proyectos de Implementación de Redes','		Participar activamente en proyectos de implementación o actualización de redes de clientes, colaborando con técnicos senior para aprender el ciclo completo de diseño, implementación y mantenimiento de redes complejas.\n		Adquirir experiencia práctica en proyectos que utilicen tecnologías emergentes como redes definidas por software (SDN)',10,'2024-10-22','2025-12-30'),(57,'Mantenimiento del Stock e Inventario:','No solo supervisar y actualizar el inventario de equipos y software, sino también implementar un sistema automatizado de control de inventario utilizando herramientas como Excel avanzado o software especializado (ej. OCS Inventory). Asegurar una revisión bimestral del stock y proponer acciones correctivas para optimizar la disponibilidad de recursos.\nDesarrollar habilidades de análisis para identificar patrones de uso de equipos y proponer mejoras en la gestión del inventario.',10,'2024-10-22','2025-12-30'),(58,'Administración de la Flota de Equipos (Celulares y Notebooks):','Implementar políticas de mantenimiento preventivo y realizar revisiones periódicas de la flota de dispositivos móviles y notebooks, asegurando su correcto funcionamiento. Supervisar los ciclos de vida de los dispositivos y proponer renovaciones o actualizaciones cuando sea necesario.',10,'2024-10-22','2025-12-30'),(59,'Gestión de la Consola de ESET:','No solo monitorear y administrar la consola de ESET, sino también proponer mejoras en las políticas de seguridad. Establecer una rutina de escaneo, revisión de amenazas y aplicar mejores prácticas en la protección de dispositivos. Capacitarse para resolver incidencias de seguridad de nivel N2, como infecciones más complejas o análisis forense básico.\nFamiliarizarse con reportes avanzados de seguridad y colaborar en la implementación de medidas preventivas.\nAdministrar correctamente el licenciamiento del antivirus, eliminando equipos que no formen parte de nuestro parque informático',10,'2024-10-22','2025-12-30'),(60,'Administración del Sistema de Service Desk (SD):','Mejorar la eficiencia en la gestión de tickets al reducir los tiempos de resolución y aumentar la satisfacción del usuario. Adquirir experiencia en la clasificación de incidencias de nivel 2, como problemas de conectividad, administración de usuarios y permisos en Active Directory.\nProponer mejoras en el flujo de trabajo del sistema de tickets para priorizar y asignar incidencias más rápidamente.',10,'2024-10-22','2025-12-30'),(61,'Instalación y Configuración de Equipos:','Además de encargarse de la instalación y configuración de equipos básicos, adquirir habilidades para realizar configuraciones avanzadas en servidores y dispositivos de red. Participar en la creación de procedimientos estandarizados para estas tareas y asegurar que los equipos estén alineados con las políticas de seguridad. Aprender a realizar configuraciones iniciales de infraestructura básica (switches, access points) para reducir dependencias del equipo N2.',10,'2024-10-22','2025-12-30'),(62,'Soporte Técnico de Primer y Segundo Nivel:','No solo proveer asistencia técnica de primer nivel, sino también asumir tareas de segundo nivel en áreas como gestión de usuarios en sistemas de directorio (Active Directory), configuración de VPNs y resolución de problemas de red más complejos. Colaborar con el equipo de N2 para aprender mejores prácticas y reducir la escalación de incidencias. Desarrollar una biblioteca de soluciones comunes para compartir con el equipo, mejorando la tasa de resolución en el primer contacto.',10,'2024-10-22','2025-12-30'),(63,'Control y Reporte de Uso de Equipos:\n','Monitorear el uso de los equipos asignados mediante herramientas avanzadas de monitoreo de rendimiento y generar informes más detallados que incluyan métricas de desempeño y uso del hardware. Proponer recomendaciones específicas para optimizar el uso de recursos y alargar la vida útil de los dispositivos. Aprender a generar reportes automatizados mediante scripts o herramientas de gestión de activos.',10,'2024-10-22','2025-12-30'),(64,'Colaboración en Proyectos de Soporte IT:','Participar activamente en proyectos de soporte IT, asegurando la resolución efectiva de incidencias y la implementación de mejoras técnicas para los clientes, colaborando con diferentes equipos y garantizando la continuidad operativa.',10,'2024-10-22','2025-12-30'),(65,'Dominio del Entorno de Desarrollo Completo','Conocer y dominar el uso de las herramientas y tecnologías estándar de la empresa, incluyendo control de versiones (Git), entornos de desarrollo (IDEs), integración y despliegue continuo (CI/CD), y configuración local para asegurar un entorno de trabajo bien configurado y funcional.\nConfigurar y personalizar el entorno de desarrollo para adaptarlo a proyectos específicos.\nFamiliarizarse con los flujos de trabajo colaborativos que facilitan la revisión de código y la integración de cambios.',10,'2024-10-22','2025-12-30'),(66,'Desarrollo de Funcionalidades Básicas en Proyectos Internos:','Implementar pequeñas funcionalidades en el frontend y backend, respetando las normas de codificación y trabajando en colaboración con el equipo para asegurar que cada desarrollo cumple con los requisitos y estándares de calidad de la empresa.\nContribuir en la programación de módulos de frontend y backend siguiendo los estándares de la empresa.\nParticipar en revisiones de código para aprender mejores prácticas y recibir retroalimentación continua.\nDocumentar cada paso del desarrollo y los retos encontrados, creando un portafolio de aprendizaje y avance.',30,'2024-10-22','2025-12-30'),(67,'Pruebas y Validación de Código para Mejorar la Calidad','Aprender y aplicar buenas prácticas en pruebas unitarias y de integración, contribuyendo al aseguramiento de la calidad del software. Participar en el diseño y ejecución de pruebas funcionales para verificar el correcto funcionamiento de las funcionalidades desarrolladas, adquiriendo experiencia en metodologías de testing automatizado.\nCrear y ejecutar pruebas unitarias para cada módulo de código que desarrolle, garantizando que cada pieza funcione de forma aislada.\nColaborar en el diseño de pruebas de integración y participar en sesiones de prueba para aprender técnicas de testing más avanzadas.',10,'2024-10-22','2025-12-30'),(68,'Entrega de Funcionalidad Completa, Documentación y Presentación al Equipo','Completar de principio a fin una funcionalidad integral que abarque desde la implementación en frontend y backend hasta las pruebas automatizadas y la documentación. Preparar una presentación del código para revisión de equipo y recibir retroalimentación constructiva.\nRealizar una implementación que cubra un flujo de funcionalidad completo, verificando su funcionalidad con pruebas automatizadas.\nDocumentar cada fase del desarrollo y preparar una presentación de la solución para explicar su estructura y lógica al equipo.',10,'2024-10-22','2025-12-30'),(69,'Participación en Mantenimiento y Mejoras de Código Existente','Revisar, analizar y, en su caso, mejorar el código existente en proyectos internos, con el fin de comprender mejores prácticas y optimizar su desempeño. Este objetivo fomenta el crecimiento técnico y ayuda a familiarizarse con proyectos en curso.\nRevisar las funcionalidades existentes, identificar oportunidades de mejora y aplicar buenas prácticas de optimización.\nProponer mejoras o actualizaciones y aprender cómo aplicarlas sin alterar la funcionalidad principal.',10,'2024-10-22','2025-12-30'),(70,'Aprendizaje de Patrones de Diseño y Buenas Prácticas de Programación','Introducirse en los patrones de diseño más comunes (por ejemplo, MVC, Factory, Singleton) para entender cómo estructurar soluciones robustas y escalables, mejorando la calidad del desarrollo a nivel técnico y estructural.\nLeer y aplicar ejemplos de patrones de diseño en las tareas asignadas, usando guías y ejemplos.\nParticipar en discusiones o revisiones de código para ver cómo estos patrones son aplicados por desarrolladores más experimentados.',10,'2024-10-22','2025-12-30'),(71,'Certificaciones Técnicas para el Desarrollo Profesional','Obtener certificaciones de nivel junior como Digital & App Innovation entre otros, y seguir con cursos más avanzados que estén alineados con los desafíos de las app internas.\nEstablecer un plan de desarrollo personal con objetivos anuales de certificación.',30,'2024-10-22','2025-12-30'),(72,'Documentación de Incidencias y Soluciones','Generar documentación detallada de las incidencias recurrentes y las soluciones aplicadas, creando una base de conocimiento accesible para futuros casos similares.',10,'2024-10-22','2025-12-30'),(73,'Gestión de Seguridad de Red y Cumplimiento de Políticas','Realizar revisiones periódicas de la seguridad de la red (firewalls, permisos, configuraciones) asegurando que cumpla con las políticas de seguridad de la empresa y esté actualizada',10,'2024-10-22','2025-12-30'),(74,'Mejora Continua en la Configuración de Equipos de Usuario Final','	Realizar mejoras en la configuración de los dispositivos de usuario final para optimizar su rendimiento y reducir el número de incidencias relacionadas con problemas de configuración.',10,'2024-10-22','2025-12-30'),(75,'Capacitación de Usuarios Finales en Buenas Prácticas','Realizar capacitaciones trimestrales para los usuarios finales sobre buenas prácticas en el uso de equipos y software de la empresa.',10,'2024-10-22','2025-12-30'),(76,'Actualización de Firmware y Software de Infraestructura','	Asegurar que el firmware y software de todos los equipos de infraestructura estén actualizados, previniendo vulnerabilidades y mejorando la estabilidad de la red.',10,'2024-10-22','2025-12-30'),(77,'Monitoreo y Reporte de Rendimiento de la infraestructura','Implementar y mantener un sistema de monitoreo para reportar semanalmente el estado de los recursos de la infraestructura, identificando y resolviendo potenciales problemas de rendimiento.',5,'2024-10-22','2025-12-30'),(78,'Mejora de Procesos de Respuesta a Incidentes','Desarrollar y ajustar procedimientos para la respuesta rápida a incidentes de red y usuarios finales, minimizando los tiempos de diagnóstico y resolución.',5,'2024-10-22','2025-12-30'),(79,'Optimización de Redes Locales y Conectividad',' Llevar a cabo un análisis exhaustivo del rendimiento de la red local y de la infraestructura de conectividad para identificar cuellos de botella, zonas de baja cobertura, y otros problemas que impacten en la calidad de la conexión. Basado en estos hallazgos, desarrollar y presentar un plan de mejora con recomendaciones específicas orientadas a reducir la latencia, optimizar el uso del ancho de banda y mejorar la experiencia general de los usuarios.',5,'2024-10-22','2025-12-30'),(80,'Mantenimiento Proactivo de Infraestructura',' Implementar un plan de mantenimiento proactivo para los equipos de infraestructura críticos (servidores, switches, routers) para prevenir fallas y maximizar el tiempo de actividad.',5,'2024-10-22','2025-12-30'),(81,'Soporte Eficiente a Usuarios Finales','Proporcionar soporte técnico a usuarios finales siguiendo buenas prácticas, manteniendo tiempos de respuesta menores a 15 minutos y resolución del 90% de los casos dentro de las primeras 24 horas.',10,'2024-10-22','2025-12-30'),(82,'Planificación del Proyecto','	Controlar, acompañar y participar en el desarrollo de planes de proyecto exhaustivos que identifiquen todas las fases, tareas, recursos necesarios, presupuestos y entregables.​\n	Utilizar herramientas de gestión de proyectos, incluido el CRM corporativo, para documentar y seguir el progreso del proyecto desde la fase de inicio hasta el cierre.​\n	Colaborar estrechamente con el equipo de preventa para definir el alcance de los nuevos proyectos.​\n	Asegurar que todas las partes interesadas entiendan los requisitos del proyecto y los entregables.​\n	Supervisar y validar las propuestas comerciales para garantizar que incluyan los aspectos necesarios de gestión de proyectos.​\n	Trabajar con el equipo de ventas y preventa para incluir cronogramas realistas y presupuestos detallados.​\nCrear y mantener un calendario de proyecto detallado que coordine las actividades entre diferentes áreas y asegure el uso óptimo de todos los recursos.',20,'2024-10-22','2025-12-30'),(83,'Gestión de Riesgos','Proactivamente identificar potenciales riesgos del proyecto y desarrollar planes de mitigación para abordarlos antes de que afecten al proyecto.​\nRealizar evaluaciones de riesgo regulares durante la vida del proyecto para adaptar las estrategias según sea necesario.​',10,'2024-10-22','2025-12-30'),(84,'Validación y Supervisión','Validar la asignación de recursos humanos y técnicos de manera efectiva, asegurando que los miembros del equipo tengan las competencias necesarias para sus tareas asignadas.​\nSupervisar el desempeño del equipo de proyecto, proporcionando retroalimentación continua y gestionando las dinámicas del equipo para mantener altos niveles de moral y productividad.​\nInterceder siempre que sea posible para velar por la continuidad del equipo de trabajo asignado hasta la finalización del proyecto.',5,'2024-10-22','2025-12-30'),(85,'Gestión de Recursos Técnicos','Asegurar que los recursos técnicos, como hardware y software, herramientas, permisos, seguros, etc., estén adecuadamente provisionados y utilizados eficientemente a lo largo del proyecto.​\nPlanificar y supervisar la agenda del proyecto para garantizar el cumplimiento de los plazos.​\nCoordinar las disponibilidades de todos los miembros del equipo para alinear las entregas con las expectativas del cliente.​\nRevisar regularmente el estado de los proyectos para identificar desviaciones del plan y tomar acciones correctivas',5,'2024-10-22','2025-12-30'),(86,'Reuniones de Seguimiento','Organizar y liderar reuniones regulares con los equipos de proyecto para revisar el progreso, discutir problemas y adaptar los planes de proyecto conforme sea necesario.​\nMantener una comunicación fluida con todos los stakeholders del proyecto, incluidos clientes, proveedores y otros departamentos internos.​\nMantener informado y efectuar las presentaciones de avances hacia la Gerencia de Operaciones.​\nFacilitar la comunicación y colaboración entre diferentes áreas de la empresa.​\nAsegurar que las estrategias y acciones estén alineadas a través de las áreas de operaciones, ventas y administración.​\nSolicitar a los consultores técnicos informes detallados sobre el estado técnico y cualquier desafío operativo que pueda afectar la planificación del proyecto.',10,'2024-10-22','2025-12-30'),(87,'Reportes de Avance','Preparar y presentar informes detallados sobre el estado del/os proyectos a la dirección, gerencia de operaciones y otros stakeholders claves.​\nUtilizar herramientas de visualización de datos para presentar métricas clave de rendimiento de manera clara y efectiva.',10,'2024-10-22','2025-12-30'),(88,'Mantenimiento de Documentación','Desarrollar y mantener una documentación rigurosa para cada proyecto, asegurando que todos los detalles, cambios y decisiones estén bien documentados y sean fácilmente accesibles.​\nAsegurar que la documentación sea precisa y actualizada, reflejando el verdadero estado del proyecto en cualquier momento.​\nMantener una base de datos actualizada de todos los proyectos en curso y futuros en el CRM.​\nDesarrollar y mantener procedimientos actualizados que documenten las prácticas estándares para la gestión de proyectos dentro de la empresa.',10,'2024-10-22','2025-12-30'),(89,'Informes y Análisis','Elaborar análisis post-proyecto para identificar lecciones aprendidas y áreas de mejora.​\nPreparar y distribuir informes periódicos que analicen el progreso general, los desafíos enfrentados y los éxitos del proyecto.​\nPreparar y distribuir minutas detalladas después de cada reunión.',10,'2024-10-22','2025-12-30'),(90,'Visitas a vendors','Deberan realizar 10 visitas a vendors por Q',8,'2024-11-07','2025-12-30'),(91,'Atención a Incidencias y Resolución de Problemas','Lograr una tasa de resolución de incidencias, manteniendo los tiempos de respuesta dentro de los SLA establecidos con el cliente.',5,'2024-11-11','2025-12-30'),(92,' Configuraciones Técnicas y Cambios de Infraestructura','	Realizar configuraciones técnicas a pedido del cliente, cumpliendo con un checklist de calidad y seguridad, documentando todos los cambios de configuración realizados.\nEjecutar configuraciones avanzadas, trabajando bajo la supervisión de un técnico de nivel medio o senior para ampliar conocimientos en infraestructura.\n',10,'2024-12-31','2025-12-30'),(93,'Revisión de Backups y Mantenimiento Preventivo','Realizar revisiones diarias de los backups, detectando cualquier falla en el proceso y tomando acciones correctivas.\nPreparar un reporte semanal para el cliente detallando el estado de los backups y recomendaciones de mejoras en el proceso.',10,'2024-11-11','2025-12-30'),(94,'Gestión de Incidencias con JIRA','Mantener actualizado el sistema de JIRA (del Cliente), documentando cada paso de las incidencias y asegurando que todas las tareas se reflejen con claridad y precisión.\n',5,'2024-11-11','2025-12-30'),(95,'Documentación y Actualización de Procedimientos','	Crear y mantener actualizada una base de conocimientos con procedimientos y soluciones comunes en infraestructura y backups.\nRealizar auditorías mensuales de la documentación para asegurar que esté actualizada y accesible para otros miembros del equipo.\n',10,'2024-11-11','2025-12-30'),(96,'Colaboración y Comunicación','	Participar en reuniones mensuales con el equipo del cliente para comprender mejor sus necesidades y mejorar el soporte.\nMantener comunicación proactiva y transparente con el cliente, informando de cualquier problema crítico de inmediato y asegurando que el cliente esté satisfecho con el servicio.',10,'2024-11-11','2025-12-30'),(97,'Mejora de Eficiencia en Procesos','Identificar áreas de mejora en los procesos de atención a incidencias y revisión de backups, proponiendo al menos una mejora mensualmente.\nAutomatizar tareas repetitivas en la revisión de backups, para reducir el tiempo de trabajo manual y aumentar la eficiencia',10,'2024-11-11','2025-12-30'),(98,'Gestión de Cobranzas','Cumple con el seguimiento de las cobranzas',10,'2024-11-19','2025-12-31');
/*!40000 ALTER TABLE `Objetivo` ENABLE KEYS */;
UNLOCK TABLES;

--
-- Table structure for table `ObjetivoEmpleado`
--

DROP TABLE IF EXISTS `ObjetivoEmpleado`;
/*!40101 SET @saved_cs_client     = @@character_set_client */;
/*!50503 SET character_set_client = utf8mb4 */;
CREATE TABLE `ObjetivoEmpleado` (
  `idObjetivoEmpleado` int NOT NULL AUTO_INCREMENT,
  `fechaAsignacion` date DEFAULT NULL,
  `empleado` int DEFAULT NULL,
  `objetivo` int DEFAULT NULL,
  PRIMARY KEY (`idObjetivoEmpleado`),
  UNIQUE KEY `empleado` (`empleado`,`objetivo`),
  KEY `objetivo` (`objetivo`),
  CONSTRAINT `ObjetivoEmpleado_ibfk_1` FOREIGN KEY (`empleado`) REFERENCES `Empleado` (`idEmpleado`) ON DELETE CASCADE,
  CONSTRAINT `ObjetivoEmpleado_ibfk_2` FOREIGN KEY (`objetivo`) REFERENCES `Objetivo` (`idObjetivo`) ON DELETE CASCADE
);

--
-- Dumping data for table `ObjetivoEmpleado`
--

LOCK TABLES `ObjetivoEmpleado` WRITE;
/*!40000 ALTER TABLE `ObjetivoEmpleado` DISABLE KEYS */;
INSERT INTO `ObjetivoEmpleado` VALUES (1,'2024-10-29',6,34),(4,'2024-10-29',6,39),(5,'2024-10-29',6,40),(6,'2024-10-29',6,11),(7,'2024-10-29',6,42),(8,'2024-10-29',6,43),(10,'2024-10-29',6,33),(12,'2024-10-29',4,18),(13,'2024-10-29',4,19),(14,'2024-10-29',4,20),(15,'2024-10-29',4,21),(16,'2024-10-29',4,22),(17,'2024-10-29',4,23),(18,'2024-10-29',4,11),(20,'2024-10-29',4,26),(21,'2024-10-29',4,25),(24,'2024-10-29',4,28),(25,'2024-10-29',4,29),(27,'2024-10-29',4,31),(28,'2024-10-29',4,32),(29,'2024-10-29',4,33),(30,'2024-10-29',5,46),(31,'2024-10-29',5,47),(32,'2024-10-29',5,48),(33,'2024-10-29',5,49),(34,'2024-10-29',5,50),(35,'2024-10-29',5,51),(36,'2024-10-29',5,52),(37,'2024-10-29',5,53),(38,'2024-10-29',5,54),(39,'2024-10-29',5,55),(40,'2024-10-29',5,56),(41,'2024-10-29',5,33),(42,'2024-10-29',3,15),(43,'2024-10-29',7,15),(44,'2024-10-29',3,1),(45,'2024-10-29',7,1),(46,'2024-10-29',3,2),(47,'2024-10-29',7,2),(48,'2024-10-29',3,3),(49,'2024-10-29',7,3),(50,'2024-10-29',3,4),(51,'2024-10-29',7,4),(52,'2024-10-29',3,5),(53,'2024-10-29',7,5),(55,'2024-10-29',3,6),(56,'2024-10-29',7,6),(57,'2024-10-29',3,7),(58,'2024-10-29',7,7),(59,'2024-10-29',3,8),(60,'2024-10-29',7,8),(62,'2024-10-29',3,9),(63,'2024-10-29',7,9),(64,'2024-10-29',3,10),(65,'2024-10-29',7,10),(66,'2024-10-29',3,11),(67,'2024-10-29',7,11),(68,'2024-10-29',3,13),(69,'2024-10-29',7,13),(70,'2024-10-29',3,14),(71,'2024-10-29',7,14),(73,'2024-10-29',3,16),(74,'2024-10-29',7,16),(75,'2024-10-29',3,17),(76,'2024-10-29',7,17),(77,'2024-10-29',11,65),(78,'2024-10-29',9,65),(79,'2024-10-29',11,66),(80,'2024-10-29',9,66),(81,'2024-10-29',11,67),(82,'2024-10-29',9,67),(83,'2024-10-29',11,68),(84,'2024-10-29',9,68),(85,'2024-10-29',11,69),(86,'2024-10-29',9,69),(87,'2024-10-29',11,70),(88,'2024-10-29',9,70),(92,'2024-10-29',8,57),(93,'2024-10-29',8,58),(94,'2024-10-29',8,59),(95,'2024-10-29',8,60),(96,'2024-10-29',8,46),(97,'2024-10-29',8,62),(98,'2024-10-29',8,63),(99,'2024-10-29',8,64),(100,'2024-10-29',8,17),(103,'2024-10-29',13,80),(115,'2024-10-29',13,76),(119,'2024-10-29',13,78),(121,'2024-10-29',14,79),(122,'2024-10-29',14,80),(123,'2024-10-29',14,81),(124,'2024-10-29',14,72),(125,'2024-10-29',14,73),(126,'2024-10-29',14,74),(127,'2024-10-29',14,75),(128,'2024-10-29',14,76),(129,'2024-10-29',14,77),(130,'2024-10-29',14,78),(131,'2024-10-29',12,17),(132,'2024-10-29',13,17),(133,'2024-10-29',14,17),(134,'2024-10-29',15,82),(135,'2024-10-29',15,83),(136,'2024-10-29',15,84),(137,'2024-10-29',15,85),(138,'2024-10-29',15,86),(139,'2024-10-29',15,87),(140,'2024-10-29',15,88),(141,'2024-10-29',15,89),(142,'2024-10-29',15,17),(143,'2024-11-07',2,90),(144,'2024-11-11',13,91),(145,'2024-11-11',13,92),(146,'2024-11-11',13,93),(147,'2024-11-11',13,94),(148,'2024-11-11',13,95),(149,'2024-11-11',13,96),(150,'2024-11-11',13,97),(151,'2024-11-11',12,91),(152,'2024-11-11',12,92),(153,'2024-11-11',12,93),(154,'2024-11-11',12,95),(155,'2024-11-11',12,96),(156,'2024-11-11',12,97),(157,'2024-11-11',12,54),(158,'2024-11-11',12,52),(159,'2024-11-11',12,39),(160,'2024-11-11',9,17),(161,'2024-11-11',11,17),(162,'2024-11-11',6,8),(163,'2024-11-11',6,10),(164,'2024-11-11',6,52),(165,'2024-11-11',6,56),(166,'2024-11-19',2,98),(167,'2025-03-06',10,1);
/*!40000 ALTER TABLE `ObjetivoEmpleado` ENABLE KEYS */;
UNLOCK TABLES;

--
-- Table structure for table `Puntuacion`
--

DROP TABLE IF EXISTS `Puntuacion`;
/*!40101 SET @saved_cs_client     = @@character_set_client */;
/*!50503 SET character_set_client = utf8mb4 */;
CREATE TABLE `Puntuacion` (
  `idPuntuacion` int NOT NULL AUTO_INCREMENT,
  `objetivo` int NOT NULL,
  `valor` int NOT NULL,
  `fechaPuntuacion` date DEFAULT NULL,
  `comentario` varchar(2500) NOT NULL,
  `trimestre` int NOT NULL,
  PRIMARY KEY (`idPuntuacion`),
  KEY `Puntuacion_fk` (`objetivo`),
  CONSTRAINT `Puntuacion_fk` FOREIGN KEY (`objetivo`) REFERENCES `ObjetivoEmpleado` (`idObjetivoEmpleado`) ON DELETE CASCADE,
  CONSTRAINT `Puntuacion_ibfk_1` FOREIGN KEY (`objetivo`) REFERENCES `ObjetivoEmpleado` (`idObjetivoEmpleado`) ON DELETE CASCADE,
  CONSTRAINT `chk_trimestre` CHECK ((`trimestre` between 0 and 4)),
  CONSTRAINT `chk_valor` CHECK ((`valor` between 0 and 100)),
  CONSTRAINT `Puntuacion_chk_1` CHECK ((`valor` between 0 and 100))
);

--
-- Dumping data for table `Puntuacion`
--
LOCK TABLES `Puntuacion` WRITE;
/*!40000 ALTER TABLE `Puntuacion` DISABLE KEYS */;
INSERT INTO `Puntuacion` VALUES (1,1,0,'2024-10-29','',0),(4,4,0,'2024-10-29','',0),(5,5,0,'2024-10-29','',0),(6,6,0,'2024-10-29','',0),(7,7,0,'2024-10-29','',0),(8,8,0,'2024-10-29','',0),(10,10,0,'2024-10-29','',0),(11,12,0,'2024-10-29','',0),(12,13,0,'2024-10-29','',0),(13,14,0,'2024-10-29','',0),(14,15,0,'2024-10-29','',0),(15,16,0,'2024-10-29','',0),(16,17,0,'2024-10-29','',0),(17,18,0,'2024-10-29','',0),(19,20,0,'2024-10-29','',0),(20,21,0,'2024-10-29','',0),(22,24,0,'2024-10-29','',0),(23,25,0,'2024-10-29','',0),(25,27,0,'2024-10-29','',0),(26,28,0,'2024-10-29','',0),(27,29,0,'2024-10-29','',0),(28,30,0,'2024-10-29','',0),(29,31,0,'2024-10-29','',0),(30,32,0,'2024-10-29','',0),(31,33,0,'2024-10-29','',0),(32,34,0,'2024-10-29','',0),(33,35,0,'2024-10-29','',0),(34,36,0,'2024-10-29','',0),(35,37,0,'2024-10-29','',0),(36,38,0,'2024-10-29','',0),(37,39,0,'2024-10-29','',0),(38,40,0,'2024-10-29','',0),(39,41,0,'2024-10-29','',0),(40,42,0,'2024-10-29','',0),(41,43,0,'2024-10-29','',0),(42,44,0,'2024-10-29','',0),(43,45,0,'2024-10-29','',0),(44,46,0,'2024-10-29','',0),(45,47,0,'2024-10-29','',0),(46,48,0,'2024-10-29','',0),(47,49,0,'2024-10-29','',0),(48,50,0,'2024-10-29','',0),(49,51,0,'2024-10-29','',0),(50,52,0,'2024-10-29','',0),(51,53,0,'2024-10-29','',0),(52,55,0,'2024-10-29','',0),(53,56,0,'2024-10-29','',0),(54,57,0,'2024-10-29','',0),(55,58,0,'2024-10-29','',0),(56,59,0,'2024-10-29','',0),(57,60,0,'2024-10-29','',0),(58,62,0,'2024-10-29','',0),(59,63,0,'2024-10-29','',0),(60,64,0,'2024-10-29','',0),(61,65,0,'2024-10-29','',0),(62,66,0,'2024-10-29','',0),(63,67,0,'2024-10-29','',0),(64,68,0,'2024-10-29','',0),(65,69,0,'2024-10-29','',0),(66,70,0,'2024-10-29','',0),(67,71,0,'2024-10-29','',0),(68,73,0,'2024-10-29','',0),(69,74,0,'2024-10-29','',0),(70,75,0,'2024-10-29','',0),(71,76,0,'2024-10-29','',0),(72,77,0,'2024-10-29','',0),(73,78,0,'2024-10-29','',0),(74,79,0,'2024-10-29','',0),(75,80,0,'2024-10-29','',0),(76,81,0,'2024-10-29','',0),(77,82,0,'2024-10-29','',0),(78,83,0,'2024-10-29','',0),(79,84,0,'2024-10-29','',0),(80,85,0,'2024-10-29','',0),(81,86,0,'2024-10-29','',0),(82,87,0,'2024-10-29','',0),(83,88,0,'2024-10-29','',0),(84,92,0,'2024-10-29','',0),(85,93,0,'2024-10-29','',0),(86,94,0,'2024-10-29','',0),(87,95,0,'2024-10-29','',0),(88,96,0,'2024-10-29','',0),(89,97,0,'2024-10-29','',0),(90,98,0,'2024-10-29','',0),(91,99,0,'2024-10-29','',0),(92,100,0,'2024-10-29','',0),(95,103,0,'2024-10-29','',0),(107,115,0,'2024-10-29','',0),(111,119,0,'2024-10-29','',0),(113,121,0,'2024-10-29','',0),(114,122,0,'2024-10-29','',0),(115,123,0,'2024-10-29','',0),(116,124,0,'2024-10-29','',0),(117,125,0,'2024-10-29','',0),(118,126,0,'2024-10-29','',0),(119,127,0,'2024-10-29','',0),(120,128,0,'2024-10-29','',0),(121,129,0,'2024-10-29','',0),(122,130,0,'2024-10-29','',0),(123,131,0,'2024-10-29','',0),(124,132,0,'2024-10-29','',0),(125,133,0,'2024-10-29','',0),(126,134,0,'2024-10-29','',0),(127,135,0,'2024-10-29','',0),(128,136,0,'2024-10-29','',0),(129,137,0,'2024-10-29','',0),(130,138,0,'2024-10-29','',0),(131,139,0,'2024-10-29','',0),(132,140,0,'2024-10-29','',0),(133,141,0,'2024-10-29','',0),(134,142,0,'2024-10-29','',0),(135,131,0,'2024-10-29','',0),(137,41,4,'2024-11-05','',0),(138,143,0,'2024-11-07','',0),(139,143,80,'2024-11-07','',0),(140,143,44,'2024-11-08','',0),(141,144,0,'2024-11-11','',0),(142,145,0,'2024-11-11','',0),(143,146,0,'2024-11-11','',0),(144,147,0,'2024-11-11','',0),(145,148,0,'2024-11-11','',0),(146,149,0,'2024-11-11','',0),(147,150,0,'2024-11-11','',0),(148,151,0,'2024-11-11','',0),(149,152,0,'2024-11-11','',0),(150,153,0,'2024-11-11','',0),(151,154,0,'2024-11-11','',0),(152,155,0,'2024-11-11','',0),(153,156,0,'2024-11-11','',0),(154,157,0,'2024-11-11','',0),(155,158,0,'2024-11-11','',0),(156,159,0,'2024-11-11','',0),(157,160,0,'2024-11-11','',0),(158,161,0,'2024-11-11','',0),(159,143,31,'2024-11-11','',0),(160,162,0,'2024-11-11','',0),(161,163,0,'2024-11-11','',0),(162,164,0,'2024-11-11','',0),(163,165,0,'2024-11-11','',0),(164,166,0,'2024-11-19','',0),(165,143,50,'2024-11-19','',0),(166,46,10,'2025-02-03','',0),(167,134,25,'2025-03-06','Excelente manejo de los proyectos, falta pulir un poco mas el proceso de administracion de documnetacion requerida por parte de los clientes. Lo cual fue conversado y tomado en cuenta por su parte. ',1),(168,135,15,'2025-03-06','Buen manejo, falta mas practica en la lectura de pliegos y solcitudes que esten en el pedido del cliente.',1),(169,136,25,'2025-03-06','buen manejo de los recursos en los proyectos acutales, lleva acorde a las necesidades de cada proyecto. Supervisa y controla minuciosamente ',1),(170,137,20,'2025-03-06','Debe mejorar la parte de administracion de Documentacion requerida para cada proyecto. Fue charlado y esta en proceso de mejora continua ',1),(171,138,25,'2025-03-06','Da correcto seguimiento a cada proyecto.',1),(172,139,25,'2025-03-06','Todos los viernes da el informe correspondiente al estado de cada proyecto. ',1),(173,141,15,'2025-03-06','de momento no he tenido informes de lecciones aprendidas',1),(174,140,3,'2025-03-06','No he tenido ningun informe sobre documentacion armada de proyectos y asi como tampoco finales de obra o similares ',1),(175,142,10,'2025-03-06','Sin certificacion en este trimestre',1),(176,167,0,'2025-03-06','',0),(177,167,25,'2025-03-06','lo realizo correc',1),(178,92,5,'2025-03-10','No tiene completo el inventario solicitado',1),(179,93,15,'2025-03-10','tiene su archivo donde anoto pero no compartio con el resto del equipo.  ',1),(180,94,20,'2025-03-10','esta gestionando las alertas de manera manual, debe tratar de hacerlo de manera automatica. Controlar con mas frecuencia el estado de cada actualizacion. No genera reportes sobre la consola de Eset',1),(181,95,15,'2025-03-10','Debe trabajar mas en mantener actualizada la bandeja del service desk, asi como tambien los tiempos de respuesta hacia los clientes',1),(182,96,25,'2025-03-10','conoce lo que se debe instalar según departamento',1),(183,97,25,'2025-03-10',' falta conoicer y mejorar las politicas de cada cliente, da buen soporte es cordial.  ',1),(184,98,20,'2025-03-10','ayuda a mantener sanos los equipos, guiando a los usuarios, falta generar reportes de estado de los equipos',1),(185,99,25,'2025-03-10','Colabora de manera excelente en los proyectos',1),(186,100,5,'2025-03-10','No certifico en este periodo, rindio el ASE 2 veces sin lograrlo.',1),(187,78,10,'2025-03-10','Conoce las herramientas para desarrollar segun las necesidades planteads, pero no tienen armado un ambiente de desarrollo en la infra de AG',1),(188,80,25,'2025-03-10','excelente colabroacion para el desarrollo de apps internas. ',1),(189,82,20,'2025-03-10','Debe mejorar los test de cada apps antes de llevar a produccion ',1),(190,84,15,'2025-03-10','Falta trabajar en la entrega de la documentacion final de cada proyecto.',1),(191,86,25,'2025-03-10','Excelente participacion y colaboracion',1),(192,88,15,'2025-03-10','falta mejorar las buenas practicas de programacion, asi como tambien cuidar mas la seguridad de cada desarrollo',1),(193,160,0,'2025-03-10','no ha certificado en ninguna opcion de Microsoft enviada para su certificacion',1),(194,77,20,'2025-03-10','Falta manejar el control de versiones. ',1),(195,79,25,'2025-03-10','Entiende correctamente la necesidad de cada proyecto',1),(196,81,22,'2025-03-10','Debe trabajar mas en las pruebas y validacion de codigo. ',1),(197,83,20,'2025-03-10','Trabaja correctamente en la entrega de funcionalidades completas, falta la entrega de documentacion final. Manuales correspondientes ',1),(198,85,25,'2025-03-10','Participa y colabora activamente en las mejoras de los productos entregados',1),(199,87,20,'2025-03-10','Debe aprender a aplicar mejor las tecnicas de seguridad en cada APPs',1),(200,131,0,'2025-03-10','No ha completado certificaciones este trimestre',2),(201,151,25,'2025-03-10','maneja correctamente los tiempos y SLAs del cliente',1),(202,151,25,'2025-03-10','excelente atencion a incidencias y su respectiva resolucion. Se apoya en el equipo para cuestiones que exceden a su conocimienro',2),(203,152,20,'2025-03-10','Debe trabajar mas en la documentacion de cada cambio en la infraestructura del cliente',1),(204,153,25,'2025-03-10','Trabaja Correctamente con la revision de los BKPs y realiza trabajos preventivos ',1),(205,154,15,'2025-03-10','Debe trabajar mas en la documentacion sobre la infraestructura del cliente BN',1),(206,155,25,'2025-03-10','excelente colaboracion con todo el equipo interno de AG y su entorno en BN',1),(207,156,20,'2025-03-10','debe trabajar en las automatizaciones para no hacer tareas manuales',1),(208,157,24,'2025-03-10','trabaja en la resolucion proactiva de las incidencias. ',1),(209,12,0,'2025-03-10','no se ha realizado ninguna reunion sobre este punto',1),(210,158,20,'2025-03-10','cumple con la documentacion requerida por parte del cliente, aun falta finalizar diagramas',1),(211,159,25,'2025-03-10','aplica constantemente los parches necesarios segun la necesidad del cliente',1),(212,13,20,'2025-03-10','propone mejoras pero falta plasmarla y llevarlas a cabo. ',1),(213,14,25,'2025-03-10','cumple con todos informes sobre cada proyecto que realiza el sector. Asi como tambien los informes de clientes ',1),(214,15,23,'2025-03-10','tiene documentado en diagrama de vicio, falta actualziarlo a la fecha',1),(215,16,10,'2025-03-10','falta reforzar estos temas con opciones y consfuguraciones. ',1),(216,17,25,'2025-03-10','ayuda a su equipo de manera eficaz, couchea y apoya con conocimientos',1),(217,18,20,'2025-03-10','trabaja correctamente en la elavoracion de las propuestas tecnicas, debe lograr que su equipo lo haga de la misma manera',1),(218,20,25,'2025-03-10','administra correctamente sus tiempos. ',1),(219,21,25,'2025-03-10','entiende correctamente las necesidades del cliente y aporta mucho conocimiento, con ello genera propuestas tecnicas segun cada necesidad',1),(220,24,18,'2025-03-10','gestiona los roles de cada uno, asi como asignacion de responsabilidades.  Debe trabajar mas en el control de ellas',1),(221,25,10,'2025-03-10','debe realizar meets de almenos 15 min con su equipo para dar feedback correspondientes',1),(222,27,0,'2025-03-10','no ha creado material de soporte',1),(223,28,25,'2025-03-10','no ha creado un material de mentorizacion aun pero ayuda a su equipo en las necesidades para cada curso que dan',1),(224,29,25,'2025-03-10','cumple con las certificaciones solicitadas',1),(225,1,5,'2025-03-10','no hay proactividad para la sugerencia de mejoras o gestion de plataformas de seguridad',1),(226,4,5,'2025-03-10','No hay proactividad para revisar clientes o interno y aplicar parches de seguridad en networking ',1),(227,5,5,'2025-03-10','Cumple con la revision de red justa para cada ocacion pero no hay un plus de proactividad en sugerencias de mejoras',1),(228,6,20,'2025-03-10','Mejoro notablemente su rendimiento en cuestion de entrega de propuestas tecnicas. ',1),(229,7,22,'2025-03-10','A mejorado notablemente su rendimiento en cuestion al compromiso y seguimiento de los incidentes con los clientes, asi como tambien un cambio notable en su responsabilidad. ',1),(230,8,20,'2025-03-10','ha mejorado notablemente, como ejemplo dos casos puntiales donde en vez de seguir con lo descripto en oportunidaddes utiloz creiterio para mejorar la recomendacion de equipos. ',1),(231,10,15,'2025-03-10','Rindio certificacion de CCNP y fallo, debe rendirlo nuevamente. ',1),(232,162,20,'2025-03-10','cumple con la actualizacion de la documentacion ',1),(233,163,25,'2025-03-10','cumple con la centralizacion de documentos segun lo estipulado',1),(234,164,25,'2025-03-10','cumple con la creacion de diagramas de red para cada proyecto realizado',1),(235,165,25,'2025-03-10','Colabora de manera eficaz en cada proyecto, tanto de networking como otros fuera de su área. ',1),(236,121,0,'2025-03-10','no he se ha elavorado ningun análisis sobre la red de AFZ',1),(237,122,0,'2025-03-10','no se ha realizado ningun plan de mantenimiento',1),(238,123,10,'2025-03-10','Despues de varios reclamos por parte de Mayte que fueron trasladados a Valentin ha mejorado notablemente. De igual manera falta mucho para mejorar',1),(239,124,0,'2025-03-10','No he recibido ninguna documentacion realizada. ',1),(240,125,0,'2025-03-10','No he recibido ningun informe sobre las revisiones ',1),(241,126,20,'2025-03-10','Falta mejorar en entender las necesidades del cliente, instalacion y configuracion de los equipos',1),(242,127,5,'2025-03-10','No ha realizado ninguna propuesta de capacitacion en la utilizacion de los equipos a usuarios finales, o emails informativos',1),(243,128,5,'2025-03-10','no se ha recibido minuta de acciones realizada para la acutalizacion de la infra',1),(244,129,15,'2025-03-10','debe realizar los reportes del monitoreo realizado',1),(245,130,20,'2025-03-10','debe mejorar la respuesta rapida ante la solucitud del cliente. ',1),(246,133,0,'2025-03-10','no ha realizado ninguna certificacion',1),(247,43,15,'2025-03-11','debe trabajar mas en conjunto con mariano para entender la infra',1),(248,45,15,'2025-03-11','debe realizar con documentacion y plasmarlo ',1),(249,47,10,'2025-03-11','debe trabajar en este punto ',1),(250,49,17,'2025-03-11','tiene mucha nocion de nuevas tecnologias, debemos llevarla a la realidad',1),(251,51,16,'2025-03-11','debe trabajar conjuntamente con mariano para poder documentar y mantener dichas configuraciones',1),(252,53,16,'2025-03-11','se esta trabajando en dicho desarrollo',1),(253,56,10,'2025-03-11','aun no se trabajo en este tema',1),(254,58,15,'2025-03-11','se realiza pero falta periodicidad ',1),(255,60,15,'2025-03-11','hay que trabajar mas este punto',1),(256,63,25,'2025-03-11','excelente',1),(257,65,25,'2025-03-11','excelente',1),(258,67,25,'2025-03-11','debe merjorarlo pero va muy bien ',1),(259,69,25,'2025-03-11','debe mejorar pero va muy bien',1),(260,71,25,'2025-03-11','trabaja correctamente con los registros en el SD para cada cliente',1),(261,76,20,'2025-03-11','',1),(262,42,25,'2025-03-11','trabaja muy bien en mantener actualizada la infra interna',1),(263,44,18,'2025-03-11','debe trabajar en elaborar un plan de mantenimiento de la infra interna, si bien lo realiza pero no esta elaborado y documentado',1),(264,46,25,'2025-03-11','monitora correctamente la infra interna e inclusive  la clientes ',2),(265,48,15,'2025-03-11','ha trabajado constantemente en buscar nuevas soluciones, asi como RDS entre otras',1),(266,50,25,'2025-03-11','excelente esfuerzo en realizar y mantener configuraciones estandarizadas',1),(267,52,10,'2025-03-11','entiende bien el concepto, debe realizar y llevar acamo las politicas de configuracion.',1),(268,55,5,'2025-03-11','debe trabajar en este punto',1),(269,57,16,'2025-03-11','realiza auditorias constantes falta realizar documentacion de dichas auditorias',1),(270,59,25,'2025-03-11','trabaja excelente en la documentación y actualización ',1),(271,62,25,'2025-03-11','tiene su proceso marcado, falta documentar dicho proceso para copiarlo y llevarlo a todo el equipo',1),(272,64,25,'2025-03-11','centraliza correctamente la documentacion en REPO',1),(273,66,25,'2025-03-11','este trimestre trabajo muy duro en mejorar dichas entregas de propuestas técnicas. Mejoro considerablemente, esto se debe a que empezó a comprender mas las necesidades del cliente',1),(274,68,25,'2025-03-11','este trimestr mejoro considerablemente en su organizacion. Trabaja mucho mejor y mas organizado',1),(275,70,25,'2025-03-11','trabaja correcntamente en los proyectos y asi como tambien dando soporte a los clientes ',1),(276,73,25,'2025-03-11','excelente manejando la seguridad interna y externa. ',1),(277,30,20,'2025-03-11','mejoro su nivel tecnico debido a la constante lectura y participacion en clientes / proyectos-\nYa entiende de funcionalidades basicas de Forti y switches en GUI y consola',1),(278,31,20,'2025-03-11','ha mejorado notablemente, se puede hablar técnicamente y ay entiende con mas claridad. Puede atender fallas sencillas y canalizarlo correctamente.',1),(279,32,12,'2025-03-11','Necesita prepararse mas en este aspecto de fallas mas concretas a nivel IP, sin embargo, tiene mucha actitud y voluntad en aprender',1),(280,33,15,'2025-03-11','conoce mejor tanto de APs, swithces y firewalls debido a su preparación en oportunidades y creación de boms, asi como también propuestas técnicas. falta trabajar en pruebas concretas de laboratorios. ',1),(281,34,17,'2025-03-11','Falta practica para trabajar con equipos reales, deberá aprender a manejar configuraciones como enrutamiento y entre otras. ',1),(282,35,25,'2025-03-11','Ya maneja sistemas de monitoreo como zabbix, configura y personaliza ',1),(283,36,22,'2025-03-11','realiza correctamente la documentación de clientes, utiliza softwares para diagramas de red, es prolija en la presentación dichos diagramas',1),(284,37,22,'2025-03-11','debe trabajar mas en la gestión de subnetting, desarrollar mas los conceptos relacionados, aun que ya entiende subredes sencillas. ',1),(285,38,18,'2025-03-11','aun trabaja de manera reactiva, pero se involucra en los procesos que se le han explicado. Adquiriendo mas experiencia podra ser proactiva ',1),(286,39,18,'2025-03-11','ha participado en troubleshooting de VPNs en clientes, ya entiende basicamente como funciona la tecnologia de cada cliente, debe involucrarse en mas proyectos para adquirir mas conocimientos',1),(287,40,20,'2025-03-11','ha participado en proyectos, acompañando la comunicación con clientes, trabajos de instalación. Es muy colaborativa en todo ',1),(288,41,17,'2025-03-11','No ha certificado aun en CCNA pero ya tiene varios trainig de forti y Cisco, se valora mucho su esfuerzo y dedicacion ',2);
/*!40000 ALTER TABLE `Puntuacion` ENABLE KEYS */;
UNLOCK TABLES;

--
-- Table structure for table `Usuario`
--

DROP TABLE IF EXISTS `Usuario`;
/*!40101 SET @saved_cs_client     = @@character_set_client */;
/*!50503 SET character_set_client = utf8mb4 */;
CREATE TABLE `Usuario` (
  `idUsuario` int NOT NULL AUTO_INCREMENT,
  `email` varchar(100) NOT NULL,
  `usuarioPassword` varchar(200) NOT NULL,
  `rol` enum('user','admin') NOT NULL,
  `empleado` int NOT NULL,
  `activo` tinyint(1) NOT NULL,
  PRIMARY KEY (`idUsuario`),
  UNIQUE KEY `email` (`email`),
  KEY `empleado` (`empleado`),
  CONSTRAINT `Usuario_ibfk_1` FOREIGN KEY (`empleado`) REFERENCES `Empleado` (`idEmpleado`) ON DELETE CASCADE
);

--
-- Dumping data for table `Usuario`
--

LOCK TABLES `Usuario` WRITE;
/*!40000 ALTER TABLE `Usuario` DISABLE KEYS */;
INSERT INTO `Usuario` VALUES (1,'admin@admin.com','$2b$10$Z4x8Mg8dMWGK5YDympITA.R6e8a/jNpp7Ejz1kKhjT8Cv8QVsdnQm','admin',1,1),(2,'ybowerman@americagroupsrl.com','$2b$10$drM8HoeFPD85NfiY2bGwqe18RkVN1TgZ/2chUu8G3xGQtrTSpk/yi','admin',2,1),(3,'mcurletti@americagroupsrl.com','$2b$10$aN.X0XVcumPYWgqG7bSex.lvEcDxseTJg23NW6PfCcyoFnyOFNdZa','user',3,1),(4,'jmedina@americagroupsrl.com','$2b$10$CjS/Tkqlcz/4LsLSc1CH1eZgTbr7gBmqliP3zeQD5OdhGFV9uy33y','user',4,1),(5,'dverdejo@americagroupsrl.com','$2b$10$xHyaJqX3l6uC1V6/TkvRIOZMgMDV2/jL7tQwgaWCWT5FB.0gO9C/m','user',5,1),(6,'sfernandez@americagroupsrl.com','$2b$10$tRNap5LvkhB9C6JhZF0QmeswmqTS/Aiot3N5ibCfthvDkNg4DlmCK','user',6,1),(7,'mnogueira@americagroupsrl.com','$2b$10$bxaAwE4M95lG4Z14hAMv9.675F2EYnWZs3VQAQlWrq5rpXT7IY8iu','admin',7,1),(8,'lallais@americagroupsrl.com','$2b$10$V4zfitpIQZQXlCMOfVaSk.MC42AtLNHgPQtr4gb5hmNP1kl8SRkNW','user',8,1),(9,'sursino@americagroupsrl.com','$2b$10$boW2c.vzixpgQ5fEudN21OpID9DzekclHFzeMCLE4UgOgO1mSeRO2','user',9,1),(10,'lgomez@americagroupsrl.com','$2b$10$Q8/nyrHPkqU.9ORZQIEOi.ngAMHM7ilLDu0fepdYJ7WgmorJa7pZ2','admin',10,1),(11,'eranelli@americagroupsrl.com','$2b$10$jBG61Cb2VZIGvIjA8J4RpuDoxHQ/SZW2I5pAtsHJSD7waTemDIUYC','user',11,1),(12,'gguardia@americagroupsrl.com','$2b$10$lfLjmM5vlQ6Ch6xA7eCL3.ClXdvJGqkjGD5RKxCvxEjbGRLuRUmHm','user',12,1),(13,'bkrieger@americagroupsrl.com','$2b$10$Hc3fd9zCEJyuhyS3tsa7qugmi4Ww6CxlOQdUCCVdhYWxT5krDwtMK','user',13,1),(14,'vfigueredo@americagroupsrl.com','$2b$10$bdwVIuEK2Ahln7lI9BiXVOd/hjA2E5PKoCJjHhF1yJQt9h2j0McQe','user',14,1),(15,'gfernandez@americagroupsrl.com','$2b$10$f2gLSHf0PdRXhjPy4hi.seD9AbjeSsqXEhgBgdEg.O4OvgiQMvUDm','user',15,1),(16,'mlalvarez@americagroupsrl.com','$2b$10$O/JmTg7Up2tlsfa2MdOqQO8O4fCgA0ITrLnY4FZNnqavgwwuFKfpi','admin',16,1),(17,'prapisarda@americagroupsrl.com','$2b$10$6CV75KyMJCCSeriTBHII9e6CPqH8nzo53x46stIdXnO/oOpGRwfbe','admin',17,1),(18,'test@test.com','$2b$10$a.PFELLGm8PwI0A.bITP6ug5z1hieukgpKIZipjSEXinH82T2zCcq','admin',25,1);
/*!40000 ALTER TABLE `Usuario` ENABLE KEYS */;
UNLOCK TABLES;
/*!40103 SET TIME_ZONE=@OLD_TIME_ZONE */;

/*!40101 SET SQL_MODE=@OLD_SQL_MODE */;
/*!40014 SET FOREIGN_KEY_CHECKS=@OLD_FOREIGN_KEY_CHECKS */;
/*!40014 SET UNIQUE_CHECKS=@OLD_UNIQUE_CHECKS */;
/*!40101 SET CHARACTER_SET_CLIENT=@OLD_CHARACTER_SET_CLIENT */;
/*!40101 SET CHARACTER_SET_RESULTS=@OLD_CHARACTER_SET_RESULTS */;
/*!40101 SET COLLATION_CONNECTION=@OLD_COLLATION_CONNECTION */;
/*!40111 SET SQL_NOTES=@OLD_SQL_NOTES */;

-- Dump completed on 2025-03-13 17:06:05
